"name","ok","top1","verify_ok","is_perturb"
"deposit_eth","true","deposit_asset","true","false"
"swap_eth_usdc","true","swap_asset","true","false"
"withdraw_high_ltv","true","None","false","false"
"borrow_low_hf","true","None","false","false"
"nonexec_abstain","true","None","false","false"
"deposit_eth_perturb","true","deposit_asset","true","true"
"swap_eth_usdc_perturb","true","swap_asset","true","true"
"withdraw_high_ltv_perturb","true","None","false","true"
"borrow_low_hf_perturb","true","None","false","true"
"nonexec_abstain_perturb","true","None","false","true"
